{"bodyPartSize":{"x":3.3854849338531496,"y":3.3854849338531496,"z":3.3854849338531496},"parentAnchor":{"x":0.0,"y":0.0,"z":0.0},"score":88,"anchors":[{"x":0.0,"y":0.0,"z":-1.0}],"children":[{"bodyPartSize":{"x":2.346461057662964,"y":1.5444408655166627,"z":3.3253164291381838},"parentAnchor":{"x":0.0,"y":0.0,"z":-1.0},"score":0,"anchors":[{"x":0.0,"y":0.0,"z":-1.0}],"children":[{"bodyPartSize":{"x":0.872552752494812,"y":0.6771601438522339,"z":5.457302093505859},"parentAnchor":{"x":0.0,"y":0.0,"z":-1.0},"score":0,"anchors":[{"x":0.0,"y":0.0,"z":-1.0}],"children":[{"bodyPartSize":{"x":1.7993454933166505,"y":2.9835662841796877,"z":5.66978645324707},"parentAnchor":{"x":0.0,"y":0.0,"z":-1.0},"score":0,"anchors":[{"x":0.0,"y":0.0,"z":-1.0}],"children":[{"bodyPartSize":{"x":1.039171576499939,"y":2.5772035121917726,"z":4.402897834777832},"parentAnchor":{"x":0.0,"y":0.0,"z":-1.0},"score":0,"anchors":[{"x":0.0,"y":0.0,"z":1.0}],"children":[{"bodyPartSize":{"x":4.510817050933838,"y":3.9081389904022219,"z":0.7038443684577942},"parentAnchor":{"x":0.0,"y":-1.0,"z":0.0},"score":0,"anchors":[{"x":0.0,"y":1.0,"z":0.0}],"children":[{"bodyPartSize":{"x":5.087316989898682,"y":3.5417397022247316,"z":0.9794377684593201},"parentAnchor":{"x":-1.0,"y":0.0,"z":0.0},"score":0,"anchors":[{"x":0.0,"y":0.0,"z":-1.0}],"children":[{"bodyPartSize":{"x":1.2681300640106202,"y":1.8943943977355958,"z":2.6872475147247316},"parentAnchor":{"x":0.0,"y":0.0,"z":1.0},"score":0,"anchors":[],"children":[],"action":{"waveSpeedX":-4.792579650878906,"waveSpeedY":-4.809867858886719,"waveSpeedZ":-14.037101745605469,"frequencyX":1.8356037139892579,"frequencyY":6.523357391357422,"frequencyZ":10.253623962402344,"angularVelocityFactor":{"x":4.351849555969238,"y":-2.1242504119873049,"z":-2.473254680633545},"movementType":1,"freezeNotOnGround":false}}],"action":{"waveSpeedX":1.9005398750305176,"waveSpeedY":13.443374633789063,"waveSpeedZ":10.471050262451172,"frequencyX":17.491558074951173,"frequencyY":12.631166458129883,"frequencyZ":12.786197662353516,"angularVelocityFactor":{"x":4.923614501953125,"y":-0.09341907501220703,"z":-0.6787843704223633},"movementType":1,"freezeNotOnGround":false}}],"action":{"waveSpeedX":8.418416976928711,"waveSpeedY":-4.333807468414307,"waveSpeedZ":5.0349955558776859,"frequencyX":2.7817583084106447,"frequencyY":13.07011604309082,"frequencyZ":2.352311611175537,"angularVelocityFactor":{"x":-4.404997825622559,"y":-1.93424654006958,"z":4.055904388427734},"movementType":1,"freezeNotOnGround":false}}],"action":{"waveSpeedX":-32.920066833496097,"waveSpeedY":18.667909622192384,"waveSpeedZ":37.62818908691406,"frequencyX":24.253562927246095,"frequencyY":57.017066955566409,"frequencyZ":35.08003234863281,"angularVelocityFactor":{"x":-3.288039207458496,"y":-1.6789121627807618,"z":4.828791618347168},"movementType":0,"freezeNotOnGround":false}}],"action":{"waveSpeedX":3.727750301361084,"waveSpeedY":-10.19027328491211,"waveSpeedZ":-11.888702392578125,"frequencyX":10.703187942504883,"frequencyY":12.109490394592286,"frequencyZ":5.038877487182617,"angularVelocityFactor":{"x":-2.527340888977051,"y":-3.6956701278686525,"z":-2.116887092590332},"movementType":1,"freezeNotOnGround":false}}],"action":{"waveSpeedX":-3.4741597175598146,"waveSpeedY":-15.708032608032227,"waveSpeedZ":3.5261197090148927,"frequencyX":21.290477752685548,"frequencyY":16.597034454345704,"frequencyZ":15.137441635131836,"angularVelocityFactor":{"x":4.2751288414001469,"y":-1.9080300331115723,"z":-4.947148323059082},"movementType":0,"freezeNotOnGround":true}}],"action":{"waveSpeedX":1.171304702758789,"waveSpeedY":-13.083053588867188,"waveSpeedZ":-14.359367370605469,"frequencyX":7.448359489440918,"frequencyY":5.229438781738281,"frequencyZ":10.497241973876954,"angularVelocityFactor":{"x":1.6506824493408204,"y":4.715737342834473,"z":4.410849571228027},"movementType":1,"freezeNotOnGround":false}}],"action":{"waveSpeedX":0.0,"waveSpeedY":0.0,"waveSpeedZ":0.0,"frequencyX":0.0,"frequencyY":0.0,"frequencyZ":0.0,"angularVelocityFactor":{"x":1.0,"y":1.0,"z":1.0},"movementType":0,"freezeNotOnGround":false}}